{
  "took": 285,
  "timed_out": false,
  "_shards": {
    "total": 1,
    "successful": 1,
    "skipped": 0,
    "failed": 0
  },
  "hits": {
    "total": {
      "value": 10000,
      "relation": "gte"
    },
    "max_score": null,
    "hits": []
  },
  "aggregations": {
    "magnitude_globale_percentiles": {
      "values": {
        "10.0": 2.073636249789814,
        "25.0": 2.2761065945602534,
        "50.0": 3.041165476672651,
        "75.0": 4.352999888125404,
        "90.0": 4.691535865537557,
        "95.0": 4.960202163990817,
        "99.0": 5.54302106944031
      }
    },
    "par_tranche_profondeur": {
      "buckets": [
        {
          "key": "superficiel (0-10 km)",
          "from": 0.0,
          "to": 10.0,
          "doc_count": 10413,
          "mag_max": {
            "value": 7.599999904632568
          },
          "mag_moyenne": {
            "value": 2.478066714870292
          },
          "alertes_tsunami": {
            "doc_count": 39
          }
        },
        {
          "key": "peu profond (10-70 km)",
          "from": 10.0,
          "to": 70.0,
          "doc_count": 24906,
          "mag_max": {
            "value": 8.800000190734863
          },
          "mag_moyenne": {
            "value": 3.5667371253435807
          },
          "alertes_tsunami": {
            "doc_count": 89
          }
        },
        {
          "key": "intermediaire (70-300 km)",
          "from": 70.0,
          "to": 300.0,
          "doc_count": 5985,
          "mag_max": {
            "value": 6.699999809265137
          },
          "mag_moyenne": {
            "value": 3.6193333844493205
          },
          "alertes_tsunami": {
            "doc_count": 22
          }
        },
        {
          "key": "profond (300+ km)",
          "from": 300.0,
          "doc_count": 1065,
          "mag_max": {
            "value": 7.099999904632568
          },
          "mag_moyenne": {
            "value": 4.376901409659587
          },
          "alertes_tsunami": {
            "doc_count": 3
          }
        }
      ]
    },
    "par_mag_type": {
      "doc_count_error_upper_bound": 0,
      "sum_other_doc_count": 0,
      "buckets": [
        {
          "key": "ml",
          "doc_count": 20445,
          "profondeur_moyenne": {
            "value": 26.46228437934141
          },
          "stats_magnitude": {
            "count": 20445,
            "min": 2.0,
            "max": 5.699999809265137,
            "avg": 2.4562614904344446,
            "sum": 50218.26617193222,
            "sum_of_squares": 127229.2826136424,
            "variance": 0.18978181947363681,
            "variance_population": 0.18978181947363681,
            "variance_sampling": 0.18979110248182862,
            "std_deviation": 0.43563955223743955,
            "std_deviation_population": 0.43563955223743955,
            "std_deviation_sampling": 0.43565020656695275,
            "std_deviation_bounds": {
              "upper": 3.3275405949093235,
              "lower": 1.5849823859595655,
              "upper_population": 3.3275405949093235,
              "lower_population": 1.5849823859595655,
              "upper_sampling": 3.32756190356835,
              "lower_sampling": 1.5849610773005391
            }
          },
          "percentiles_magnitude": {
            "values": {
              "25.0": 2.104063346747316,
              "50.0": 2.3296003209360383,
              "75.0": 2.717880552787117,
              "90.0": 3.095642066423376,
              "99.0": 3.7137979234965837
            }
          },
          "nb_regions_distinctes": {
            "value": 9837
          }
        },
        {
          "key": "mb",
          "doc_count": 15778,
          "profondeur_moyenne": {
            "value": 76.83264094161238
          },
          "stats_magnitude": {
            "count": 15778,
            "min": 3.200000047683716,
            "max": 6.300000190734863,
            "avg": 4.433489669349986,
            "sum": 69951.60000300407,
            "sum_of_squares": 311665.1600942996,
            "variance": 0.09731677820247114,
            "variance_population": 0.09731677820247114,
            "variance_sampling": 0.09732294647135638,
            "std_deviation": 0.311956372274187,
            "std_deviation_population": 0.311956372274187,
            "std_deviation_sampling": 0.31196625854626714,
            "std_deviation_bounds": {
              "upper": 5.05740241389836,
              "lower": 3.809576924801612,
              "upper_population": 5.05740241389836,
              "lower_population": 3.809576924801612,
              "upper_sampling": 5.05742218644252,
              "lower_sampling": 3.809557152257452
            }
          },
          "percentiles_magnitude": {
            "values": {
              "25.0": 4.199999809265137,
              "50.0": 4.399686700597531,
              "75.0": 4.586444028719975,
              "90.0": 4.863229375763247,
              "99.0": 5.2694074814407905
            }
          },
          "nb_regions_distinctes": {
            "value": 10266
          }
        },
        {
          "key": "md",
          "doc_count": 4348,
          "profondeur_moyenne": {
            "value": 20.12888913913977
          },
          "stats_magnitude": {
            "count": 4348,
            "min": 2.0,
            "max": 4.670000076293945,
            "avg": 2.6128173867495867,
            "sum": 11360.529997587204,
            "sum_of_squares": 30875.046715288947,
            "variance": 0.2741620089472994,
            "variance_population": 0.2741620089472994,
            "variance_sampling": 0.27422507819251385,
            "std_deviation": 0.5236048213560485,
            "std_deviation_population": 0.5236048213560485,
            "std_deviation_sampling": 0.5236650438901893,
            "std_deviation_bounds": {
              "upper": 3.6600270294616837,
              "lower": 1.5656077440374898,
              "upper_population": 3.6600270294616837,
              "lower_population": 1.5656077440374898,
              "upper_sampling": 3.6601474745299654,
              "lower_sampling": 1.5654872989692081
            }
          },
          "percentiles_magnitude": {
            "values": {
              "25.0": 2.195158956244478,
              "50.0": 2.4299929735485137,
              "75.0": 2.9564912134611023,
              "90.0": 3.4371414695609155,
              "99.0": 3.928613055092947
            }
          },
          "nb_regions_distinctes": {
            "value": 2714
          }
        },
        {
          "key": "mww",
          "doc_count": 1399,
          "profondeur_moyenne": {
            "value": 51.261778635327694
          },
          "stats_magnitude": {
            "count": 1399,
            "min": 4.400000095367432,
            "max": 8.800000190734863,
            "avg": 5.342744816022741,
            "sum": 7474.499997615814,
            "sum_of_squares": 40264.7699688721,
            "variance": 0.23618574285076474,
            "variance_population": 0.23618574285076474,
            "variance_sampling": 0.2363546883034477,
            "std_deviation": 0.48598944726276183,
            "std_deviation_population": 0.48598944726276183,
            "std_deviation_sampling": 0.48616323215916657,
            "std_deviation_bounds": {
              "upper": 6.3147237105482645,
              "lower": 4.370765921497217,
              "upper_population": 6.3147237105482645,
              "lower_population": 4.370765921497217,
              "upper_sampling": 6.315071280341074,
              "lower_sampling": 4.370418351704408
            }
          },
          "percentiles_magnitude": {
            "values": {
              "25.0": 5.0,
              "50.0": 5.199999809265137,
              "75.0": 5.599999904632568,
              "90.0": 6.0,
              "99.0": 7.0
            }
          },